{
  "difficult_number": 200,
  "easy_number": 200,
  "total_rs": 0.5275,
  "total_partial_rs": 0.5623560066295642,
  "difficult_rs": 0.33,
  "easy_rs": 0.725,
  "difficult_partial_rs": 0.38790844183055695,
  "easy_partial_rs": 0.7368035714285713
}